"","x"
"1","D4"
"2","D4"
"3","G4"
"4","D5"
"5","D5"
"6","C5"
"7","C5"
"8","B4"
"9","B4"
"10","D5"
"11","D5"
"12","B4"
"13","D5"
"14","D5"
"15","C5"
"16","C5"
"17","B4"
"18","B4"
"19","A4"
"20","G4"
"21","B4"
"22","D5"
"23","D5"
"24","C5"
"25","C5"
"26","B4"
"27","D5"
"28","C5"
"29","C5"
"30","B4"
"31","A4"
"32","B4"
"33","D4"
"34","G4"
"35","B4"
"36","A4"
"37","D4"
"38","F#4"
"39","A4"
"40","G4"
"41","A4"
"42","B4"
"43","C5"
"44","D5"
"45","D5"
"46","C5"
"47","B4"
"48","A4"
"49","B4"
"50","C5"
"51","D5"
"52","B4"
"53","G5"
"54","G5"
"55","Ab5"
"56","G5"
"57","F#5"
"58","G5"
"59","A4"
"60","B4"
"61","C5"
"62","B4"
"63","C5"
"64","B4"
"65","A4"
"66","B4"
"67","A4"
"68","B4"
"69","C5"
"70","D5"
"71","B4"
"72","G4"
"73","A4"
"74","F#4"
"75","B4"
"76","B4"
"77","G4"
"78","D5"
"79","C5"
"80","B4"
"81","A4"
"82","B4"
"83","A4"
"84","G4"
"85","A4"
"86","B4"
"87","C5"
"88","E5"
"89","D5"
"90","C5"
"91","B4"
"92","A4"
"93","B4"
"94","B4"
"95","D4"
"96","G4"
"97","A4"
"98","B4"
"99","B4"
"100","G4"
"101","D5"
"102","C5"
"103","B4"
"104","B4"
"105","A4"
"106","G4"
"107","A4"
"108","B4"
"109","C5"
"110","E5"
"111","D5"
"112","C5"
"113","B4"
"114","A4"
"115","G4"
"116","G4"
"117","D4"
"118","G4"
"119","A4"
"120","G4"
"121","B4"
"122","B4"
"123","A4"
"124","D5"
"125","C5"
"126","B4"
"127","B4"
"128","C5"
"129","B4"
"130","A4"
"131","G4"
"132","A4"
"133","B4"
"134","C5"
"135","E5"
"136","D5"
"137","C5"
"138","B4"
"139","A4"
"140","G4"
"141","G5"
"142","G5"
"143","G5"
"144","B4"
"145","B4"
"146","A4"
"147","D5"
"148","C5"
"149","B4"
"150","B4"
"151","C5"
"152","B4"
"153","A4"
"154","G4"
"155","A4"
"156","B4"
"157","C5"
"158","E5"
"159","D5"
"160","C5"
"161","B4"
"162","A4"
"163","G4"
"164","F#4"
"165","D4"
"166","F#4"
"167","D4"
"168","G4"
"169","F#4"
"170","D4"
"171","F#4"
"172","D4"
"173","G4"
"174","F#4"
"175","D4"
"176","F#4"
"177","D4"
"178","G4"
"179","D4"
"180","G4"
"181","D4"
"182","A4"
"183","D4"
"184","A4"
"185","D4"
"186","C5"
"187","B4"
"188","A4"
"189","G4"
"190","F#4"
"191","D4"
"192","F#4"
"193","D4"
"194","G4"
"195","F#4"
"196","D4"
"197","F#4"
"198","D4"
"199","G4"
"200","A4"
"201","E5"
"202","D5"
"203","C5"
"204","B4"
"205","C5"
"206","A4"
"207","B4"
"208","G4"
"209","G4"
"210","A4"
"211","B4"
"212","C5"
"213","D5"
"214","A4"
"215","F#5"
"216","B4"
"217","G5"
"218","G4"
"219","B4"
"220","A4"
"221","G4"
"222","D5"
"223","C5"
"224","C5"
"225","B4"
"226","B4"
"227","A4"
"228","G4"
"229","B4"
"230","A4"
"231","G4"
"232","D5"
"233","E5"
"234","D5"
"235","C5"
"236","B4"
"237","G5"
"238","D5"
"239","G5"
"240","B4"
"241","B4"
"242","D5"
"243","D5"
"244","C5"
"245","C5"
"246","B4"
"247","B4"
"248","A4"
"249","G4"
"250","B4"
"251","A4"
"252","A4"
"253","G4"
"254","B4"
"255","C5"
"256","B4"
"257","A4"
"258","G4"
"259","D4"
"260","G4"
"261","B4"
"262","D5"
"263","D5"
"264","C5"
"265","C5"
"266","B4"
"267","D5"
"268","B4"
"269","C5"
"270","B4"
"271","G4"
"272","D5"
"273","D5"
"274","C5"
"275","C5"
"276","B4"
"277","B4"
"278","A4"
"279","G4"
"280","B4"
"281","B4"
"282","D5"
"283","D5"
"284","C5"
"285","C5"
"286","B4"
"287","B4"
"288","A4"
"289","B4"
"290","A4"
"291","G4"
"292","B4"
"293","A4"
"294","G4"
"295","D4"
"296","G4"
"297","B4"
"298","A4"
"299","G4"
"300","D5"
"301","C5"
"302","C5"
"303","B4"
"304","B4"
"305","A4"
"306","B4"
"307","A4"
"308","G4"
"309","B4"
"310","A4"
"311","G4"
"312","D5"
"313","C5"
"314","D5"
"315","C5"
"316","B4"
"317","B4"
"318","A4"
"319","G4"
"320","D5"
"321","C5"
"322","B4"
"323","C5"
"324","B4"
"325","A4"
"326","G4"
"327","B4"
"328","A4"
"329","G4"
"330","D4"
"331","G4"
"332","B4"
"333","D5"
"334","D5"
"335","C5"
"336","B4"
"337","A4"
"338","B4"
"339","A4"
"340","G4"
"341","B4"
"342","C5"
"343","B4"
"344","A4"
"345","G4"
"346","D5"
"347","C#5"
"348","E5"
"349","D5"
"350","B4"
"351","B4"
"352","D5"
"353","D5"
"354","C5"
"355","B4"
"356","A4"
"357","B4"
"358","A4"
"359","G4"
"360","B4"
"361","A4"
"362","G4"
"363","D4"
"364","G4"
"365","B4"
"366","D5"
"367","C5"
"368","B4"
"369","B4"
"370","A4"
"371","A4"
"372","G4"
"373","D5"
"374","C5"
"375","B4"
"376","C5"
"377","B4"
"378","A4"
"379","G4"
"380","B4"
"381","D5"
"382","C5"
"383","B4"
"384","A4"
"385","B4"
"386","A4"
"387","G4"
"388","A4"
"389","B4"
"390","A4"
"391","G4"
"392","D4"
"393","G4"
"394","B4"
"395","B4"
"396","D5"
"397","C5"
"398","C5"
"399","D5"
"400","B4"
"401","A4"
"402","A4"
"403","G4"
"404","D5"
"405","C5"
"406","B4"
"407","D5"
"408","D5"
"409","C5"
"410","B4"
"411","D5"
"412","C5"
"413","B4"
"414","A4"
"415","G4"
"416","B4"
"417","C5"
"418","B4"
"419","A4"
"420","G4"
"421","D4"
"422","G4"
"423","F#4"
"424","G4"
"425","A4"
"426","A4"
"427","A4"
"428","B4"
"429","A4"
"430","G4"
"431","D5"
"432","A4"
"433","A4"
"434","A4"
"435","D4"
"436","G4"
"437","F#4"
"438","G4"
"439","A4"
"440","B4"
"441","A4"
"442","G4"
"443","F#4"
"444","A4"
"445","G4"
"446","A4"
"447","G4"
"448","F#4"
"449","E4"
"450","G4"
"451","B4"
"452","A4"
"453","B4"
"454","C5"
"455","D5"
"456","C5"
"457","B4"
"458","B4"
"459","A4"
"460","B4"
"461","C5"
"462","D5"
"463","C5"
"464","B4"
"465","B4"
"466","A4"
"467","B4"
"468","C5"
"469","D5"
"470","C5"
"471","B4"
"472","C5"
"473","A4"
"474","B4"
"475","G4"
"476","A4"
"477","A4"
"478","C5"
"479","B4"
"480","A4"
"481","B4"
"482","C5"
"483","D5"
"484","A4"
"485","A4"
"486","C5"
"487","B4"
"488","C5"
"489","A4"
"490","B4"
"491","G4"
"492","B4"
"493","C5"
"494","B4"
"495","G4"
"496","C5"
"497","D5"
"498","C5"
"499","A4"
"500","B4"
"501","C5"
"502","B4"
"503","G4"
"504","C5"
"505","D5"
"506","C5"
"507","A4"
"508","B4"
"509","G4"
"510","D5"
"511","C5"
"512","B4"
"513","C5"
"514","A4"
"515","G4"
"516","D5"
"517","B4"
"518","C5"
"519","B4"
"520","D5"
"521","C5"
"522","B4"
"523","C5"
"524","A4"
"525","B4"
"526","G4"
"527","B4"
"528","D5"
"529","C5"
"530","B4"
"531","C5"
"532","A4"
"533","B4"
"534","G4"
"535","B4"
"536","D5"
"537","C5"
"538","B4"
"539","C5"
"540","A4"
"541","G4"
"542","D5"
"543","G5"
"544","G5"
"545","G5"
"546","G5"
"547","G5"
"548","D5"
"549","G5"
"550","D5"
"551","B4"
"552","C5"
"553","B4"
"554","G4"
"555","D5"
"556","C5"
"557","D5"
"558","C5"
"559","A4"
"560","C5"
"561","B4"
"562","C5"
"563","B4"
"564","G4"
"565","D5"
"566","C5"
"567","D5"
"568","C5"
"569","A4"
"570","C5"
"571","B4"
"572","G4"
"573","D5"
"574","C5"
"575","B4"
"576","C5"
"577","A4"
"578","G4"
"579","C#5"
"580","D5"
"581","B4"
"582","C5"
"583","B4"
"584","G4"
"585","C5"
"586","D5"
"587","C5"
"588","A4"
"589","B4"
"590","G4"
"591","B4"
"592","D5"
"593","C5"
"594","D5"
"595","C5"
"596","A4"
"597","B4"
"598","G4"
"599","B4"
"600","D5"
"601","C5"
"602","B4"
"603","C5"
"604","A4"
"605","G4"
"606","C#5"
"607","D5"
"608","D5"
"609","E5"
"610","D5"
"611","G5"
"612","E5"
"613","D5"
"614","E5"
"615","D5"
"616","B4"
"617","D5"
"618","C5"
"619","B4"
"620","D5"
"621","C5"
"622","B4"
"623","D5"
"624","C5"
"625","B4"
"626","D5"
"627","C5"
"628","B4"
"629","D5"
"630","D5"
"631","C5"
"632","C5"
"633","B4"
"634","B4"
"635","D5"
"636","D5"
"637","C5"
"638","C5"
"639","B4"
"640","B4"
"641","D5"
"642","D5"
"643","C5"
"644","C5"
"645","B4"
"646","B4"
"647","A4"
"648","A4"
"649","G4"
"650","A4"
"651","B4"
"652","G4"
"653","G4"
"654","D4"
"655","G4"
"656","A4"
"657","A4"
"658","B4"
"659","G4"
"660","D5"
"661","F5"
"662","E5"
"663","D5"
"664","C5"
"665","B4"
"666","A4"
"667","B4"
"668","C5"
"669","A4"
"670","B4"
"671","F5"
"672","E5"
"673","D5"
"674","C5"
"675","B4"
"676","B4"
"677","D5"
"678","D5"
"679","C5"
"680","C5"
"681","B4"
"682","D5"
"683","B4"
"684","D5"
"685","D5"
"686","C5"
"687","C5"
"688","B4"
"689","B4"
"690","A4"
"691","G4"
"692","B4"
"693","D5"
"694","D5"
"695","C5"
"696","C5"
"697","B4"
"698","D5"
"699","B4"
"700","G4"
"701","B4"
"702","D5"
"703","C5"
"704","B4"
"705","B4"
"706","G4"
"707","B4"
"708","D5"
"709","C5"
"710","B4"
"711","B4"
"712","C5"
"713","D5"
"714","E5"
"715","F5"
"716","E5"
"717","D5"
"718","C#5"
"719","D5"
"720","G5"
"721","B4"
"722","G4"
"723","B4"
"724","D5"
"725","C5"
"726","B4"
"727","D5"
"728","C#5"
"729","D5"
"730","G4"
"731","F#5"
"732","G5"
"733","F#5"
"734","G5"
"735","E5"
"736","D5"
"737","C5"
"738","B4"
"739","D5"
"740","B4"
"741","D5"
"742","B4"
"743","A4"
"744","G4"
"745","A4"
"746","B4"
"747","C5"
"748","D5"
"749","B4"
"750","G4"
"751","A4"
"752","F#4"
"753","G4"
"754","G5"
"755","B4"
"756","B4"
"757","C5"
"758","B4"
"759","C5"
"760","B4"
"761","B4"
"762","B4"
"763","D5"
"764","D5"
"765","C5"
"766","C5"
"767","B4"
"768","B4"
"769","D5"
"770","D5"
"771","C5"
"772","C5"
"773","B4"
"774","B4"
"775","D5"
"776","D5"
"777","C5"
"778","C5"
"779","B4"
"780","B4"
"781","A4"
"782","A4"
"783","G4"
"784","A4"
"785","B4"
"786","G4"
"787","D4"
"788","G4"
"789","A4"
"790","A4"
"791","B4"
"792","G4"
"793","D4"
"794","A4"
"795","B4"
"796","G4"
"797","B4"
"798","A4"
"799","B4"
"800","A4"
"801","G4"
"802","B4"
"803","G4"
"804","B4"
"805","A4"
"806","B4"
"807","A4"
"808","G4"
"809","B4"
"810","G4"
"811","B4"
"812","D5"
"813","C5"
"814","B4"
"815","C5"
"816","E5"
"817","D5"
"818","E5"
"819","D5"
"820","G5"
"821","D5"
"822","E5"
"823","D5"
"824","G5"
"825","B4"
"826","G4"
"827","B4"
"828","A4"
"829","B4"
"830","A4"
"831","G4"
"832","B4"
"833","G4"
"834","B4"
"835","G4"
"836","B4"
"837","A4"
"838","B4"
"839","A4"
"840","G4"
"841","B4"
"842","D5"
"843","D5"
"844","C5"
"845","B4"
"846","A4"
"847","G4"
"848","G4"
"849","B4"
"850","G4"
"851","B4"
"852","A4"
"853","B4"
"854","A4"
"855","G4"
"856","B4"
"857","G4"
"858","B4"
"859","G4"
"860","A4"
"861","B4"
"862","A4"
"863","G4"
"864","B4"
"865","G4"
"866","B4"
"867","D5"
"868","C5"
"869","B4"
"870","C5"
"871","E5"
"872","D5"
"873","E5"
"874","D5"
"875","E5"
"876","D5"
"877","G5"
"878","D5"
"879","G5"
"880","B4"
"881","G4"
"882","A4"
"883","B4"
"884","A4"
"885","G4"
"886","B4"
"887","G4"
"888","B4"
"889","G4"
"890","A4"
"891","B4"
"892","A4"
"893","G4"
"894","B4"
"895","D5"
"896","D5"
"897","C5"
"898","B4"
"899","A4"
"900","G4"
"901","D5"
"902","D4"
"903","G4"
"904","A4"
"905","B4"
"906","B4"
"907","B4"
"908","D5"
"909","C5"
"910","C5"
"911","B4"
"912","B4"
"913","D5"
"914","C5"
"915","C5"
"916","B4"
"917","A4"
"918","A4"
"919","D5"
"920","B4"
"921","D4"
"922","G4"
"923","A4"
"924","B4"
"925","B4"
"926","B4"
"927","D5"
"928","C5"
"929","C5"
"930","B4"
"931","B4"
"932","D5"
"933","C5"
"934","B4"
"935","A4"
"936","G4"
"937","A4"
"938","B4"
"939","G4"
"940","A4"
"941","B4"
"942","G4"
"943","A4"
"944","C5"
"945","B4"
"946","A4"
"947","B4"
"948","A4"
"949","G4"
"950","A4"
"951","G4"
"952","F#4"
"953","G4"
"954","A4"
"955","B4"
"956","C5"
"957","D5"
"958","C5"
"959","B4"
"960","A4"
"961","B4"
"962","C5"
"963","A4"
"964","B4"
"965","D5"
"966","G5"
"967","F#5"
"968","E5"
"969","F#5"
"970","C5"
"971","B4"
"972","A4"
"973","B4"
"974","A4"
"975","B4"
"976","C5"
"977","D5"
"978","B4"
"979","G4"
"980","A4"
"981","F#4"
"982","G4"
"983","D4"
"984","G4"
"985","B4"
"986","G4"
"987","A4"
"988","G4"
"989","A4"
"990","G4"
"991","B4"
"992","C5"
"993","B4"
"994","A4"
"995","A4"
"996","B4"
"997","A4"
"998","G4"
"999","B4"
"1000","G4"
"1001","D4"
"1002","G4"
"1003","B4"
"1004","G4"
"1005","A4"
"1006","G4"
"1007","A4"
"1008","G4"
"1009","B4"
"1010","C5"
"1011","B4"
"1012","C5"
"1013","B4"
"1014","A4"
"1015","G4"
"1016","A4"
"1017","B4"
"1018","C5"
"1019","D5"
"1020","B4"
"1021","G4"
"1022","A4"
"1023","G4"
"1024","B4"
"1025","C5"
"1026","B4"
"1027","A4"
"1028","A4"
"1029","G4"
"1030","B4"
"1031","G4"
"1032","A4"
"1033","B4"
"1034","C5"
"1035","D5"
"1036","B4"
"1037","G4"
"1038","A4"
"1039","G4"
"1040","B4"
"1041","C5"
"1042","B4"
"1043","A4"
"1044","G4"
"1045","D4"
"1046","G4"
"1047","A4"
"1048","B4"
"1049","C5"
"1050","B4"
"1051","C5"
"1052","B4"
"1053","G4"
"1054","A4"
"1055","B4"
"1056","A4"
"1057","B4"
"1058","G4"
"1059","B4"
"1060","C5"
"1061","D5"
"1062","B4"
"1063","A4"
"1064","B4"
"1065","A4"
"1066","B4"
"1067","G4"
"1068","B4"
"1069","C5"
"1070","D5"
"1071","E5"
"1072","F5"
"1073","E5"
"1074","D5"
"1075","C#5"
"1076","E5"
"1077","D5"
"1078","G5"
"1079","B4"
"1080","C5"
"1081","B4"
"1082","C5"
"1083","B4"
"1084","G4"
"1085","A4"
"1086","B4"
"1087","A4"
"1088","B4"
"1089","G4"
"1090","B4"
"1091","C5"
"1092","D5"
"1093","B4"
"1094","A4"
"1095","B4"
"1096","A4"
"1097","B4"
"1098","G4"
"1099","B4"
"1100","C5"
"1101","D5"
"1102","E5"
"1103","D5"
"1104","E5"
"1105","D5"
"1106","B4"
"1107","B4"
"1108","D5"
"1109","C5"
"1110","A4"
"1111","G4"
"1112","G4"
"1113","A4"
"1114","G4"
"1115","G4"
"1116","A4"
"1117","B4"
"1118","C5"
"1119","D5"
"1120","E5"
"1121","F5"
"1122","G5"
"1123","D5"
"1124","E5"
"1125","F5"
"1126","E5"
"1127","D5"
"1128","C5"
"1129","B4"
"1130","D5"
"1131","D5"
"1132","C5"
"1133","C5"
"1134","B4"
"1135","B4"
"1136","A4"
"1137","A4"
"1138","G4"
"1139","B4"
"1140","B4"
"1141","A4"
"1142","A4"
"1143","G4"
"1144","G4"
"1145","B4"
"1146","D5"
"1147","D5"
"1148","C5"
"1149","C5"
"1150","B4"
"1151","E5"
"1152","G5"
"1153","F5"
"1154","D5"
"1155","C5"
"1156","C5"
"1157","B4"
"1158","B4"
"1159","D5"
"1160","D5"
"1161","C5"
"1162","C5"
"1163","B4"
"1164","B4"
"1165","A4"
"1166","A4"
"1167","G4"
"1168","B4"
"1169","G4"
"1170","B4"
"1171","C5"
"1172","D5"
"1173","E5"
"1174","F5"
"1175","E5"
"1176","D5"
"1177","C5"
"1178","B4"
"1179","G4"
"1180","B4"
"1181","G4"
"1182","F5"
"1183","E5"
"1184","D5"
"1185","C5"
"1186","B4"
"1187","C5"
"1188","D5"
"1189","E5"
"1190","F5"
"1191","E5"
"1192","D5"
"1193","C5"
"1194","D5"
"1195","G5"
"1196","G5"
"1197","G5"
"1198","G4"
"1199","D4"
"1200","G4"
"1201","A4"
"1202","B4"
"1203","D5"
"1204","C5"
"1205","B4"
"1206","C5"
"1207","B4"
"1208","A4"
"1209","B4"
"1210","A4"
"1211","B4"
"1212","A4"
"1213","G4"
"1214","D5"
"1215","C5"
"1216","B4"
"1217","A4"
"1218","B4"
"1219","C5"
"1220","D5"
"1221","B4"
"1222","E5"
"1223","E5"
"1224","D5"
"1225","C#5"
"1226","D5"
"1227","D4"
"1228","G4"
"1229","A4"
"1230","B4"
"1231","C5"
"1232","B4"
"1233","C5"
"1234","B4"
"1235","A4"
"1236","B4"
"1237","A4"
"1238","B4"
"1239","C5"
"1240","B4"
"1241","A4"
"1242","G4"
"1243","B4"
"1244","A4"
"1245","B4"
"1246","A4"
"1247","G4"
"1248","F#4"
"1249","G4"
"1250","F#4"
"1251","D4"
"1252","F#4"
"1253","A4"
"1254","G4"
"1255","G5"
"1256","D5"
"1257","F#4"
"1258","G4"
"1259","B4"
"1260","A4"
"1261","F#4"
"1262","A4"
"1263","G4"
"1264","D5"
"1265","B4"
"1266","D4"
"1267","G4"
"1268","B4"
"1269","G4"
"1270","A4"
"1271","B4"
"1272","A4"
"1273","G4"
"1274","B4"
"1275","G4"
"1276","D5"
"1277","C5"
"1278","D5"
"1279","C5"
"1280","B4"
"1281","A4"
"1282","A4"
"1283","B4"
"1284","A4"
"1285","G4"
"1286","B4"
"1287","G4"
"1288","D4"
"1289","G4"
"1290","B4"
"1291","C5"
"1292","B4"
"1293","G4"
"1294","A4"
"1295","B4"
"1296","A4"
"1297","G4"
"1298","B4"
"1299","G4"
"1300","D5"
"1301","C5"
"1302","D5"
"1303","C5"
"1304","B4"
"1305","A4"
"1306","G4"
"1307","D5"
"1308","G5"
"1309","F#5"
"1310","G5"
"1311","F#5"
"1312","G5"
"1313","F#5"
"1314","G5"
"1315","F#5"
"1316","G5"
"1317","F5"
"1318","E5"
"1319","D5"
"1320","D4"
"1321","G4"
"1322","B4"
"1323","G4"
"1324","A4"
"1325","G4"
"1326","B4"
"1327","G4"
"1328","D5"
"1329","C5"
"1330","D5"
"1331","C5"
"1332","B4"
"1333","A4"
"1334","A4"
"1335","B4"
"1336","A4"
"1337","G4"
"1338","B4"
"1339","D4"
"1340","G4"
"1341","B4"
"1342","G4"
"1343","A4"
"1344","G4"
"1345","B4"
"1346","G4"
"1347","B4"
"1348","D5"
"1349","C5"
"1350","B4"
"1351","C5"
"1352","B4"
"1353","A4"
"1354","G4"
"1355","B4"
"1356","G4"
"1357","G4"
"1358","A4"
"1359","B4"
"1360","C5"
"1361","B4"
"1362","C5"
"1363","B4"
"1364","A4"
"1365","G4"
"1366","D5"
"1367","D5"
"1368","C5"
"1369","B4"
"1370","G4"
"1371","G4"
"1372","A4"
"1373","B4"
"1374","C5"
"1375","B4"
"1376","C5"
"1377","B4"
"1378","A4"
"1379","D5"
"1380","G4"
"1381","G4"
"1382","B4"
"1383","C5"
"1384","D5"
"1385","D5"
"1386","D#5"
"1387","E5"
"1388","E5"
"1389","C5"
"1390","B4"
"1391","C5"
"1392","B4"
"1393","A4"
"1394","G4"
"1395","D5"
"1396","D5"
"1397","C5"
"1398","B4"
"1399","C5"
"1400","D5"
"1401","D5"
"1402","D#5"
"1403","E5"
"1404","E5"
"1405","C5"
"1406","B4"
"1407","C5"
"1408","B4"
"1409","A4"
"1410","A4"
"1411","G4"
"1412","G4"
"1413","B4"
"1414","G4"
"1415","B4"
"1416","G4"
"1417","B4"
"1418","G4"
"1419","B4"
"1420","G4"
"1421","B4"
"1422","G4"
"1423","B4"
"1424","D5"
"1425","C5"
"1426","B4"
"1427","A4"
"1428","B4"
"1429","G4"
"1430","D5"
"1431","C5"
"1432","B4"
"1433","A4"
"1434","B4"
"1435","G4"
"1436","D5"
"1437","C5"
"1438","B4"
"1439","A4"
"1440","B4"
"1441","C5"
"1442","D5"
"1443","E5"
"1444","D5"
"1445","C5"
"1446","B4"
"1447","A4"
"1448","B4"
"1449","G4"
"1450","G4"
"1451","B4"
"1452","D5"
"1453","C5"
"1454","B4"
"1455","A4"
"1456","C5"
"1457","B4"
"1458","G4"
"1459","B4"
"1460","D5"
"1461","C5"
"1462","A4"
"1463","G4"
"1464","G4"
"1465","B4"
"1466","D5"
"1467","C5"
"1468","B4"
"1469","A4"
"1470","B4"
"1471","G4"
"1472","B4"
"1473","D5"
"1474","C5"
"1475","A4"
"1476","G4"
"1477","D5"
"1478","F#5"
"1479","E5"
"1480","D5"
"1481","C5"
"1482","F#5"
"1483","E5"
"1484","D5"
"1485","C5"
"1486","C5"
"1487","B4"
"1488","A4"
"1489","G4"
"1490","A4"
"1491","B4"
"1492","C5"
"1493","D5"
"1494","B4"
"1495","B4"
"1496","A4"
"1497","A4"
"1498","G4"
"1499","B4"
"1500","D5"
"1501","E5"
"1502","D5"
"1503","C5"
"1504","E5"
"1505","D5"
"1506","C5"
"1507","B4"
"1508","A4"
"1509","G4"
"1510","A4"
"1511","B4"
"1512","C5"
"1513","D5"
"1514","B4"
"1515","C5"
"1516","B4"
"1517","A4"
"1518","A4"
"1519","F#4"
"1520","G4"
"1521","A4"
"1522","B4"
"1523","C5"
"1524","D5"
"1525","B4"
"1526","B4"
"1527","A4"
"1528","A4"
"1529","G4"
"1530","B4"
"1531","A4"
"1532","B4"
"1533","C5"
"1534","D5"
"1535","B4"
"1536","B4"
"1537","A4"
"1538","A4"
"1539","F#4"
"1540","G4"
"1541","D4"
"1542","G4"
"1543","B4"
"1544","B4"
"1545","A4"
"1546","A4"
"1547","G4"
"1548","B4"
"1549","A4"
"1550","A4"
"1551","G4"
"1552","B4"
"1553","A4"
"1554","B4"
"1555","C5"
"1556","D5"
"1557","B4"
"1558","B4"
"1559","A4"
"1560","A4"
"1561","G4"
"1562","D5"
"1563","D4"
"1564","G4"
"1565","B4"
"1566","B4"
"1567","A4"
"1568","A4"
"1569","G4"
"1570","B4"
"1571","A4"
"1572","A4"
"1573","G4"
"1574","B4"
"1575","A4"
"1576","B4"
"1577","C5"
"1578","D5"
"1579","B4"
"1580","B4"
"1581","A4"
"1582","A4"
"1583","F#4"
"1584","G4"
"1585","D4"
"1586","G4"
"1587","A4"
"1588","B4"
"1589","A4"
"1590","B4"
"1591","A4"
"1592","D4"
"1593","G4"
"1594","A4"
"1595","B4"
"1596","A4"
"1597","B4"
"1598","A4"
"1599","G4"
"1600","A4"
"1601","B4"
"1602","C5"
"1603","D5"
"1604","B4"
"1605","C5"
"1606","A4"
"1607","B4"
"1608","G4"
"1609","A4"
"1610","F#4"
"1611","D5"
"1612","D5"
"1613","B4"
"1614","G4"
"1615","A4"
"1616","A4"
"1617","A4"
"1618","G4"
"1619","F#4"
"1620","E4"
"1621","F#4"
"1622","D4"
"1623","F#4"
"1624","G4"
"1625","A4"
"1626","F#4"
"1627","G4"
"1628","A4"
"1629","A4"
"1630","G4"
"1631","F#4"
"1632","E4"
"1633","F#4"
"1634","D4"
"1635","F#4"
"1636","G4"
"1637","A4"
"1638","A4"
"1639","G4"
"1640","A4"
"1641","B4"
"1642","A4"
"1643","G4"
"1644","F#4"
"1645","F#4"
"1646","E4"
"1647","F#4"
"1648","G4"
"1649","E4"
"1650","D4"
"1651","E4"
"1652","F#4"
"1653","G4"
"1654","A4"
"1655","B4"
"1656","C5"
"1657","D5"
"1658","D4"
"1659","D5"
"1660","D5"
"1661","D5"
"1662","B4"
"1663","C5"
"1664","C5"
"1665","B4"
"1666","B4"
"1667","G4"
"1668","A4"
"1669","A4"
"1670","G4"
"1671","G4"
"1672","D4"
"1673","E4"
"1674","E4"
"1675","D4"
"1676","D4"
"1677","E4"
"1678","F#4"
"1679","G4"
"1680","A4"
"1681","B4"
"1682","C5"
"1683","B4"
"1684","A4"
"1685","B4"
"1686","D5"
"1687","A4"
"1688","B4"
"1689","C5"
"1690","A4"
"1691","A4"
"1692","G4"
"1693","G4"
"1694","B4"
"1695","C5"
"1696","D5"
"1697","D5"
"1698","D5"
"1699","C5"
"1700","D5"
"1701","C5"
"1702","B4"
"1703","D5"
"1704","D5"
"1705","G4"
"1706","B4"
"1707","C5"
"1708","D5"
"1709","D5"
"1710","D5"
"1711","C5"
"1712","C5"
"1713","B4"
"1714","D5"
"1715","C5"
"1716","B4"
"1717","C5"
"1718","B4"
"1719","D5"
"1720","C5"
"1721","B4"
"1722","A4"
"1723","B4"
"1724","G4"
"1725","A4"
"1726","A4"
"1727","A4"
"1728","C5"
"1729","B4"
"1730","A4"
"1731","G4"
"1732","B4"
"1733","D5"
"1734","G4"
"1735","G4"
"1736","C5"
"1737","D5"
"1738","C5"
"1739","B4"
"1740","C5"
"1741","D5"
"1742","C5"
"1743","B4"
"1744","A4"
"1745","A4"
"1746","A4"
"1747","B4"
"1748","D5"
"1749","C5"
"1750","B4"
"1751","A4"
"1752","B4"
"1753","D5"
"1754","C5"
"1755","B4"
"1756","A4"
"1757","G4"
"1758","B4"
"1759","D5"
"1760","G4"
"1761","G3"
"1762","G4"
"1763","D4"
"1764","F#4"
"1765","D4"
"1766","E4"
"1767","D4"
"1768","D4"
"1769","E4"
"1770","D4"
"1771","D4"
"1772","E4"
"1773","D4"
"1774","D4"
"1775","G4"
"1776","D4"
"1777","A4"
"1778","D4"
"1779","B4"
"1780","B4"
"1781","D4"
"1782","C5"
"1783","B4"
"1784","A4"
"1785","A4"
"1786","D4"
"1787","B4"
"1788","A4"
"1789","G4"
"1790","G5"
"1791","G4"
"1792","G3"
"1793","A4"
"1794","D4"
"1795","A4"
"1796","D4"
"1797","D4"
"1798","A4"
"1799","C5"
"1800","B4"
"1801","A4"
"1802","G4"
"1803","F#4"
"1804","G4"
"1805","B4"
"1806","A4"
"1807","D4"
"1808","A4"
"1809","D4"
"1810","A4"
"1811","D4"
"1812","A4"
"1813","D4"
"1814","A4"
"1815","C5"
"1816","B4"
"1817","A4"
"1818","G4"
"1819","D5"
"1820","C5"
"1821","B4"
"1822","B4"
"1823","C5"
"1824","B4"
"1825","C5"
"1826","D5"
"1827","C5"
"1828","B4"
"1829","D5"
"1830","G5"
"1831","B4"
"1832","B4"
"1833","C5"
"1834","B4"
"1835","C5"
"1836","D5"
"1837","C5"
"1838","B4"
"1839","D5"
"1840","F5"
"1841","E5"
"1842","D5"
"1843","C5"
"1844","B4"
"1845","G4"
"1846","B4"
"1847","D5"
"1848","C5"
"1849","B4"
"1850","C5"
"1851","A4"
"1852","B4"
"1853","C5"
"1854","D5"
"1855","E5"
"1856","F5"
"1857","E5"
"1858","D5"
"1859","C5"
"1860","B4"
"1861","G4"
"1862","B4"
"1863","D5"
"1864","C5"
"1865","B4"
"1866","C5"
"1867","A4"
"1868","G4"
"1869","A4"
"1870","B4"
"1871","G4"
"1872","A4"
"1873","B4"
"1874","C5"
"1875","A4"
"1876","B4"
"1877","C5"
"1878","D5"
"1879","B4"
"1880","C5"
"1881","D5"
"1882","E5"
"1883","C5"
"1884","D5"
"1885","A4"
"1886","D5"
"1887","C5"
"1888","B4"
"1889","C5"
"1890","A4"
"1891","B4"
"1892","G4"
"1893","D4"
"1894","G4"
"1895","G4"
"1896","G4"
"1897","G4"
"1898","D4"
"1899","G4"
"1900","A4"
"1901","B4"
"1902","C5"
"1903","B4"
"1904","A4"
"1905","G4"
"1906","A4"
"1907","A4"
"1908","G4"
"1909","B4"
"1910","A4"
"1911","G4"
"1912","F#4"
"1913","G4"
"1914","D5"
"1915","B4"
"1916","G4"
"1917","G4"
"1918","G4"
"1919","G4"
"1920","B4"
"1921","B4"
"1922","C5"
"1923","C5"
"1924","B4"
"1925","G4"
"1926","A4"
"1927","B4"
"1928","A4"
"1929","A4"
"1930","G4"
"1931","B4"
"1932","B4"
"1933","C5"
"1934","D5"
"1935","C5"
"1936","B4"
"1937","A4"
"1938","B4"
"1939","C5"
"1940","D5"
"1941","B4"
"1942","B4"
"1943","C5"
"1944","C5"
"1945","B4"
"1946","G4"
"1947","A4"
"1948","B4"
"1949","A4"
"1950","A4"
"1951","G4"
"1952","D5"
"1953","C5"
"1954","B4"
"1955","A4"
"1956","G4"
"1957","F#4"
"1958","E4"
"1959","F#4"
"1960","G4"
"1961","G4"
"1962","B4"
"1963","C5"
"1964","C#5"
"1965","D5"
"1966","D5"
"1967","D5"
"1968","D5"
"1969","D5"
"1970","D5"
"1971","B4"
"1972","C5"
"1973","D5"
"1974","C5"
"1975","B4"
"1976","B4"
"1977","C5"
"1978","D5"
"1979","D5"
"1980","D5"
"1981","B4"
"1982","E5"
"1983","D5"
"1984","B4"
"1985","B4"
"1986","C5"
"1987","C5"
"1988","C5"
"1989","B4"
"1990","B4"
"1991","B4"
"1992","A4"
"1993","B4"
"1994","A4"
"1995","G4"
"1996","A4"
"1997","B4"
"1998","C5"
"1999","B4"
"2000","A4"
"2001","G4"
"2002","C5"
"2003","C5"
"2004","B4"
"2005","B4"
"2006","B4"
"2007","A4"
"2008","B4"
"2009","A4"
"2010","G4"
"2011","A4"
"2012","B4"
"2013","G4"
"2014","D4"
"2015","A4"
"2016","G4"
"2017","A4"
"2018","G4"
"2019","A4"
"2020","G4"
"2021","A4"
"2022","G4"
"2023","A4"
"2024","G4"
"2025","D4"
"2026","A4"
"2027","G4"
"2028","A4"
"2029","G4"
"2030","A4"
"2031","G4"
"2032","A4"
"2033","G4"
"2034","A4"
"2035","G4"
"2036","D4"
"2037","A4"
"2038","G4"
"2039","A4"
"2040","G4"
"2041","A4"
"2042","G4"
"2043","D4"
"2044","A4"
"2045","G4"
"2046","A4"
"2047","G4"
"2048","A4"
"2049","G4"
"2050","D4"
"2051","A4"
"2052","G4"
"2053","A4"
"2054","G4"
"2055","A4"
"2056","G4"
"2057","D4"
"2058","A4"
"2059","G4"
"2060","A4"
"2061","G4"
"2062","A4"
"2063","G4"
"2064","D4"
"2065","G4"
"2066","A4"
"2067","B4"
"2068","C5"
"2069","B4"
"2070","A4"
"2071","B4"
"2072","A4"
"2073","G4"
"2074","F#4"
"2075","F#4"
"2076","A4"
"2077","G4"
"2078","G4"
"2079","G4"
"2080","G4"
"2081","A4"
"2082","B4"
"2083","B4"
"2084","A4"
"2085","B4"
"2086","A4"
"2087","G4"
"2088","F#4"
"2089","F#4"
"2090","A4"
"2091","G4"
"2092","G4"
"2093","G4"
"2094","G4"
"2095","A4"
"2096","B4"
"2097","B4"
"2098","A4"
"2099","B4"
"2100","A4"
"2101","G4"
"2102","F#4"
"2103","D5"
"2104","D5"
"2105","E5"
"2106","C5"
"2107","C5"
"2108","C5"
"2109","C5"
"2110","D5"
"2111","B4"
"2112","B4"
"2113","B4"
"2114","A4"
"2115","B4"
"2116","C5"
"2117","D5"
"2118","B4"
"2119","G4"
"2120","A4"
"2121","F#4"
"2122","G4"
"2123","A#4"
"2124","C5"
"2125","B4"
"2126","A#4"
"2127","C5"
"2128","B4"
"2129","A#4"
"2130","C5"
"2131","B4"
"2132","A#4"
"2133","C5"
"2134","B4"
"2135","A#4"
"2136","C5"
"2137","B4"
"2138","A#4"
"2139","C5"
"2140","B4"
"2141","B4"
"2142","G4"
"2143","A4"
"2144","B4"
"2145","C5"
"2146","B4"
"2147","C5"
"2148","A4"
"2149","A4"
"2150","B4"
"2151","B4"
"2152","B4"
"2153","B4"
"2154","B4"
"2155","G4"
"2156","A4"
"2157","B4"
"2158","C5"
"2159","B4"
"2160","C5"
"2161","A4"
"2162","A4"
"2163","C5"
"2164","B4"
"2165","G4"
"2166","G4"
"2167","G4"
"2168","B4"
"2169","G4"
"2170","A4"
"2171","B4"
"2172","C5"
"2173","B4"
"2174","C5"
"2175","B4"
"2176","A4"
"2177","A4"
"2178","E5"
"2179","D5"
"2180","C5"
"2181","B4"
"2182","G4"
"2183","A4"
"2184","F#4"
"2185","G4"
"2186","D4"
"2187","D4"
"2188","D4"
"2189","D4"
"2190","D4"
"2191","D4"
"2192","C5"
"2193","B4"
"2194","A4"
"2195","G4"
"2196","D4"
"2197","G4"
"2198","B4"
"2199","D5"
"2200","D4"
"2201","D4"
"2202","D4"
"2203","D4"
"2204","D4"
"2205","C5"
"2206","B4"
"2207","A4"
"2208","G4"
"2209","F#4"
"2210","G4"
"2211","E4"
"2212","D4"
"2213","D4"
"2214","D4"
"2215","D4"
"2216","D4"
"2217","D4"
"2218","C5"
"2219","B4"
"2220","A4"
"2221","G4"
"2222","D4"
"2223","G4"
"2224","B4"
"2225","D5"
"2226","D5"
"2227","E5"
"2228","D5"
"2229","C5"
"2230","B4"
"2231","G4"
"2232","A4"
"2233","F#4"
"2234","G4"
"2235","G4"
"2236","F#4"
"2237","G4"
"2238","B4"
"2239","A4"
"2240","G4"
"2241","F#4"
"2242","A4"
"2243","G4"
"2244","F#4"
"2245","G4"
"2246","B4"
"2247","A4"
"2248","G4"
"2249","F#4"
"2250","A4"
"2251","G4"
"2252","G5"
"2253","G5"
"2254","D5"
"2255","C5"
"2256","B4"
"2257","A4"
"2258","B4"
"2259","G4"
"2260","G4"
"2261","F#4"
"2262","G4"
"2263","B4"
"2264","A4"
"2265","G4"
"2266","F#4"
"2267","A4"
"2268","G4"
"2269","F#4"
"2270","G4"
"2271","B4"
"2272","A4"
"2273","G4"
"2274","F#4"
"2275","A4"
"2276","G4"
"2277","G5"
"2278","G5"
"2279","D5"
"2280","C5"
"2281","B4"
"2282","A4"
"2283","G4"
"2284","G5"
"2285","F#5"
"2286","G5"
"2287","D5"
"2288","C5"
"2289","B4"
"2290","C5"
"2291","D5"
"2292","D5"
"2293","C5"
"2294","B4"
"2295","A4"
"2296","G4"
"2297","G5"
"2298","G5"
"2299","D5"
"2300","C5"
"2301","B4"
"2302","A4"
"2303","B4"
"2304","G4"
"2305","G5"
"2306","F#5"
"2307","G5"
"2308","D5"
"2309","C5"
"2310","B4"
"2311","C5"
"2312","D5"
"2313","D5"
"2314","C5"
"2315","B4"
"2316","A4"
"2317","G4"
"2318","G5"
"2319","G5"
"2320","D5"
"2321","C5"
"2322","B4"
"2323","A4"
"2324","G4"
"2325","D5"
"2326","D5"
"2327","D5"
"2328","B4"
"2329","A4"
"2330","G4"
"2331","A4"
"2332","C5"
"2333","B4"
"2334","D5"
"2335","D5"
"2336","C5"
"2337","B4"
"2338","A4"
"2339","B4"
"2340","A4"
"2341","A4"
"2342","G4"
"2343","A4"
"2344","B4"
"2345","G4"
"2346","D4"
"2347","D5"
"2348","D5"
"2349","C5"
"2350","C5"
"2351","B4"
"2352","D4"
"2353","G4"
"2354","B4"
"2355","D5"
"2356","D5"
"2357","C5"
"2358","C5"
"2359","B4"
"2360","D4"
"2361","G4"
"2362","B4"
"2363","D5"
"2364","D5"
"2365","C5"
"2366","C5"
"2367","B4"
"2368","D5"
"2369","B4"
"2370","D5"
"2371","B4"
"2372","D5"
"2373","D5"
"2374","C5"
"2375","C5"
"2376","B4"
"2377","D4"
"2378","G4"
"2379","B4"
"2380","D5"
"2381","D5"
"2382","C5"
"2383","C5"
"2384","B4"
"2385","E5"
"2386","D5"
"2387","C5"
"2388","B4"
"2389","A4"
"2390","B4"
"2391","C5"
"2392","A4"
"2393","G4"
"2394","C5"
"2395","E5"
"2396","A4"
"2397","C5"
"2398","B4"
"2399","D5"
"2400","G4"
"2401","B4"
"2402","A4"
"2403","C5"
"2404","F#4"
"2405","A4"
"2406","G4"
"2407","B4"
"2408","D5"
"2409","B4"
"2410","C5"
"2411","E5"
"2412","A4"
"2413","C5"
"2414","B4"
"2415","D5"
"2416","G4"
"2417","B4"
"2418","A4"
"2419","C5"
"2420","F#4"
"2421","A4"
"2422","G4"
"2423","D4"
"2424","G4"
"2425","F#4"
"2426","D4"
"2427","G4"
"2428","F#4"
"2429","D4"
"2430","G4"
"2431","F#4"
"2432","D4"
"2433","G4"
"2434","F#4"
"2435","D4"
"2436","G4"
"2437","G4"
"2438","A4"
"2439","B4"
"2440","C5"
"2441","A4"
"2442","A4"
"2443","B4"
"2444","G4"
"2445","A4"
"2446","B4"
"2447","C5"
"2448","A4"
"2449","A4"
"2450","B4"
"2451","G4"
"2452","D5"
"2453","C#5"
"2454","Bb4"
"2455","A4"
"2456","G4"
"2457","A4"
"2458","Bb4"
"2459","G4"
"2460","D5"
"2461","D5"
"2462","C5"
"2463","C5"
"2464","B4"
"2465","B4"
"2466","A4"
"2467","G4"
"2468","A4"
"2469","B4"
"2470","C5"
"2471","D5"
"2472","B4"
"2473","A4"
"2474","G4"
"2475","A4"
"2476","B4"
"2477","C5"
"2478","D5"
"2479","B4"
"2480","A4"
"2481","G4"
"2482","F#4"
"2483","G4"
"2484","G5"
"2485","G4"
"2486","B4"
"2487","G4"
"2488","C5"
"2489","B4"
"2490","A4"
"2491","G4"
"2492","B4"
"2493","G4"
"2494","A4"
"2495","B4"
"2496","C5"
"2497","B4"
"2498","A4"
"2499","G4"
"2500","B4"
"2501","G4"
"2502","A4"
"2503","B4"
"2504","C5"
"2505","B4"
"2506","C5"
"2507","E5"
"2508","D5"
"2509","F5"
"2510","F5"
"2511","E5"
"2512","E5"
"2513","D5"
"2514","D5"
"2515","C5"
"2516","C5"
"2517","B4"
"2518","D5"
"2519","C5"
"2520","C5"
"2521","B4"
"2522","B4"
"2523","A4"
"2524","G4"
"2525","A4"
"2526","B4"
"2527","C5"
"2528","D5"
"2529","B4"
"2530","G4"
"2531","A4"
"2532","F#4"
"2533","G4"
"2534","D5"
"2535","D5"
"2536","D5"
"2537","D5"
"2538","D5"
"2539","D5"
"2540","D5"
"2541","E5"
"2542","F5"
"2543","E5"
"2544","D5"
"2545","C5"
"2546","D5"
"2547","D5"
"2548","G4"
"2549","D5"
"2550","E5"
"2551","F5"
"2552","E5"
"2553","D5"
"2554","C5"
"2555","D5"
"2556","D5"
"2557","G4"
"2558","D5"
"2559","E5"
"2560","F5"
"2561","E5"
"2562","D5"
"2563","C5"
"2564","D5"
"2565","C5"
"2566","C5"
"2567","B4"
"2568","B4"
"2569","A4"
"2570","G4"
"2571","A4"
"2572","B4"
"2573","C5"
"2574","D5"
"2575","B4"
"2576","G4"
"2577","A4"
"2578","F#4"
"2579","G4"
"2580","D4"
"2581","G4"
"2582","G4"
"2583","B4"
"2584","B4"
"2585","D5"
"2586","D5"
"2587","F5"
"2588","E5"
"2589","D5"
"2590","C5"
"2591","B4"
"2592","A4"
"2593","G4"
"2594","D4"
"2595","G4"
"2596","G4"
"2597","B4"
"2598","B4"
"2599","D5"
"2600","D5"
"2601","F5"
"2602","E5"
"2603","D5"
"2604","C#5"
"2605","D5"
"2606","D4"
"2607","G4"
"2608","G4"
"2609","B4"
"2610","B4"
"2611","D5"
"2612","D5"
"2613","F5"
"2614","E5"
"2615","D5"
"2616","C5"
"2617","B4"
"2618","A4"
"2619","G4"
"2620","G4"
"2621","B4"
"2622","A4"
"2623","G4"
"2624","F#4"
"2625","E4"
"2626","F#4"
"2627","G4"
"2628","G5"
"2629","G4"
"2630","D4"
"2631","D5"
"2632","D5"
"2633","C5"
"2634","B4"
"2635","C5"
"2636","D5"
"2637","D5"
"2638","C5"
"2639","B4"
"2640","C5"
"2641","D5"
"2642","C5"
"2643","B4"
"2644","C5"
"2645","D5"
"2646","C5"
"2647","B4"
"2648","C5"
"2649","D5"
"2650","C5"
"2651","B4"
"2652","C5"
"2653","D5"
"2654","D5"
"2655","C5"
"2656","B4"
"2657","C5"
"2658","D5"
"2659","E5"
"2660","F5"
"2661","E5"
"2662","D5"
"2663","C5"
"2664","C5"
"2665","B4"
"2666","B4"
"2667","A4"
"2668","A4"
"2669","G4"
"2670","D5"
"2671","C5"
"2672","B4"
"2673","C5"
"2674","D5"
"2675","E5"
"2676","F5"
"2677","E5"
"2678","D5"
"2679","G5"
"2680","D5"
"2681","C5"
"2682","B4"
"2683","C5"
"2684","D5"
"2685","E5"
"2686","F5"
"2687","E5"
"2688","D5"
"2689","C5"
"2690","C5"
"2691","B4"
"2692","B4"
"2693","A4"
"2694","A4"
"2695","G4"
"2696","G4"
"2697","B4"
"2698","A4"
"2699","G4"
"2700","F#4"
"2701","E4"
"2702","F#4"
"2703","G4"
"2704","D4"
"2705","G4"
"2706","B4"
"2707","B4"
"2708","D5"
"2709","D5"
"2710","B4"
"2711","B4"
"2712","D5"
"2713","C5"
"2714","C5"
"2715","A4"
"2716","B4"
"2717","A4"
"2718","B4"
"2719","A4"
"2720","G4"
"2721","G4"
"2722","B4"
"2723","D5"
"2724","C5"
"2725","B4"
"2726","A4"
"2727","G4"
"2728","A4"
"2729","G4"
"2730","G5"
"2731","G4"
"2732","G3"
"2733","C5"
"2734","A4"
"2735","A4"
"2736","A4"
"2737","A4"
"2738","C5"
"2739","B4"
"2740","A4"
"2741","G4"
"2742","G4"
"2743","G4"
"2744","D5"
"2745","E5"
"2746","F5"
"2747","E5"
"2748","F5"
"2749","E5"
"2750","D5"
"2751","G5"
"2752","B4"
"2753","B4"
"2754","B4"
"2755","C5"
"2756","B4"
"2757","D5"
"2758","C5"
"2759","D5"
"2760","C5"
"2761","B4"
"2762","B4"
"2763","A4"
"2764","B4"
"2765","A4"
"2766","G4"
"2767","G4"
"2768","B4"
"2769","D5"
"2770","C5"
"2771","B4"
"2772","A4"
"2773","G4"
"2774","A4"
"2775","G4"
"2776","G3"
"2777","D5"
"2778","E5"
"2779","F5"
"2780","D5"
"2781","E5"
"2782","D5"
"2783","C5"
"2784","B4"
"2785","B4"
"2786","D5"
"2787","C5"
"2788","B4"
"2789","C5"
"2790","B4"
"2791","A4"
"2792","G4"
"2793","D5"
"2794","E5"
"2795","F5"
"2796","G5"
"2797","F5"
"2798","E5"
"2799","D5"
"2800","C#5"
"2801","E5"
"2802","D5"
"2803","G5"
"2804","F#5"
"2805","A5"
"2806","G5"
"2807","D5"
"2808","E5"
"2809","F5"
"2810","D5"
"2811","E5"
"2812","D5"
"2813","C5"
"2814","B4"
"2815","B4"
"2816","D5"
"2817","C5"
"2818","B4"
"2819","C5"
"2820","B4"
"2821","A4"
"2822","G4"
"2823","B4"
"2824","D5"
"2825","C5"
"2826","B4"
"2827","A4"
"2828","G4"
"2829","A4"
"2830","G4"
"2831","G3"
"2832","D5"
"2833","E5"
"2834","F5"
"2835","E5"
"2836","D5"
"2837","C5"
"2838","B4"
"2839","B4"
"2840","C5"
"2841","D5"
"2842","C5"
"2843","B4"
"2844","A4"
"2845","G4"
"2846","D5"
"2847","A5"
"2848","G5"
"2849","F5"
"2850","E5"
"2851","D5"
"2852","E5"
"2853","F5"
"2854","D5"
"2855","F#5"
"2856","G5"
"2857","D5"
"2858","E5"
"2859","F5"
"2860","E5"
"2861","D5"
"2862","C5"
"2863","B4"
"2864","B4"
"2865","C5"
"2866","D5"
"2867","C5"
"2868","B4"
"2869","A4"
"2870","G4"
"2871","A4"
"2872","D5"
"2873","C5"
"2874","B4"
"2875","G4"
"2876","A4"
"2877","F#4"
"2878","G4"
"2879","D5"
"2880","D5"
"2881","C5"
"2882","B4"
"2883","C5"
"2884","D5"
"2885","D5"
"2886","C5"
"2887","B4"
"2888","C5"
"2889","D5"
"2890","C5"
"2891","B4"
"2892","C5"
"2893","D5"
"2894","C5"
"2895","B4"
"2896","C5"
"2897","D5"
"2898","C5"
"2899","B4"
"2900","C5"
"2901","D5"
"2902","D5"
"2903","G4"
"2904","E5"
"2905","D5"
"2906","C5"
"2907","B4"
"2908","A4"
"2909","B4"
"2910","C5"
"2911","A4"
"2912","B4"
"2913","G4"
"2914","D5"
"2915","D5"
"2916","G4"
"2917","E5"
"2918","D5"
"2919","C5"
"2920","B4"
"2921","A4"
"2922","B4"
"2923","C5"
"2924","A4"
"2925","G4"
"2926","D5"
"2927","G4"
"2928","E5"
"2929","D5"
"2930","C5"
"2931","B4"
"2932","A4"
"2933","B4"
"2934","C5"
"2935","A4"
"2936","B4"
"2937","G4"
"2938","D5"
"2939","D5"
"2940","G4"
"2941","E5"
"2942","D5"
"2943","C5"
"2944","B4"
"2945","A4"
"2946","B4"
"2947","C5"
"2948","A4"
"2949","G4"
"2950","B4"
"2951","G4"
"2952","C5"
"2953","G4"
"2954","D5"
"2955","E5"
"2956","D5"
"2957","C5"
"2958","B4"
"2959","G4"
"2960","B4"
"2961","C5"
"2962","D5"
"2963","C5"
"2964","D5"
"2965","C5"
"2966","B4"
"2967","B4"
"2968","A4"
"2969","B4"
"2970","A4"
"2971","G4"
"2972","G4"
"2973","F#5"
"2974","G5"
"2975","G5"
"2976","G4"
"2977","D5"
"2978","E5"
"2979","F5"
"2980","E5"
"2981","F5"
"2982","E5"
"2983","D5"
"2984","F5"
"2985","E5"
"2986","D5"
"2987","C5"
"2988","B4"
"2989","G4"
"2990","B4"
"2991","C5"
"2992","D5"
"2993","C5"
"2994","C5"
"2995","B4"
"2996","B4"
"2997","A4"
"2998","A4"
"2999","G4"
"3000","G4"
"3001","G5"
"3002","G5"
"3003","G4"
"3004","F#5"
"3005","G5"
"3006","G4"
"3007","F#5"
"3008","G5"
"3009","G4"
"3010","F5"
"3011","E5"
"3012","D5"
"3013","C5"
"3014","B4"
"3015","G4"
"3016","B4"
"3017","C5"
"3018","D5"
"3019","C5"
"3020","D5"
"3021","C5"
"3022","B4"
"3023","B4"
"3024","A4"
"3025","A4"
"3026","G4"
"3027","G4"
"3028","G5"
"3029","G5"
"3030","G4"
"3031","D5"
"3032","B4"
"3033","D5"
"3034","B4"
"3035","D5"
"3036","B4"
"3037","A4"
"3038","G4"
"3039","A4"
"3040","B4"
"3041","D5"
"3042","C5"
"3043","B4"
"3044","A4"
"3045","A4"
"3046","C5"
"3047","B4"
"3048","B4"
"3049","D5"
"3050","B4"
"3051","D5"
"3052","B4"
"3053","D5"
"3054","B4"
"3055","A4"
"3056","G4"
"3057","A4"
"3058","B4"
"3059","D5"
"3060","C5"
"3061","B4"
"3062","A4"
"3063","G4"
"3064","D5"
"3065","E5"
"3066","F5"
"3067","E5"
"3068","D5"
"3069","G5"
"3070","B4"
"3071","C5"
"3072","B4"
"3073","C5"
"3074","D5"
"3075","C5"
"3076","B4"
"3077","G4"
"3078","D5"
"3079","E5"
"3080","F5"
"3081","E5"
"3082","D5"
"3083","G5"
"3084","B4"
"3085","C5"
"3086","B4"
"3087","C5"
"3088","D5"
"3089","C5"
"3090","B4"
"3091","G4"
"3092","D5"
"3093","G4"
"3094","A4"
"3095","B4"
"3096","D5"
"3097","C5"
"3098","B4"
"3099","G4"
"3100","A4"
"3101","G4"
"3102","D5"
"3103","C5"
"3104","B4"
"3105","A4"
"3106","C5"
"3107","B4"
"3108","B4"
"3109","D5"
"3110","G4"
"3111","A4"
"3112","B4"
"3113","C5"
"3114","B4"
"3115","G4"
"3116","A4"
"3117","G4"
"3118","A4"
"3119","C5"
"3120","B4"
"3121","G4"
"3122","D5"
"3123","F5"
"3124","E5"
"3125","D5"
"3126","F5"
"3127","E5"
"3128","D5"
"3129","G5"
"3130","D5"
"3131","F5"
"3132","E5"
"3133","D5"
"3134","C5"
"3135","B4"
"3136","A4"
"3137","B4"
"3138","A4"
"3139","G4"
"3140","D5"
"3141","F5"
"3142","E5"
"3143","D5"
"3144","F5"
"3145","E5"
"3146","D5"
"3147","G5"
"3148","D5"
"3149","E5"
"3150","F5"
"3151","E5"
"3152","D5"
"3153","C5"
"3154","D5"
"3155","C5"
"3156","B4"
"3157","A4"
"3158","B4"
"3159","A4"
"3160","G4"
"3161","D5"
"3162","D5"
"3163","D5"
"3164","B4"
"3165","B4"
"3166","A4"
"3167","C5"
"3168","B4"
"3169","A4"
"3170","C5"
"3171","B4"
"3172","A4"
"3173","G4"
"3174","D4"
"3175","G4"
"3176","B4"
"3177","D5"
"3178","G5"
"3179","D5"
"3180","C5"
"3181","B4"
"3182","C5"
"3183","D5"
"3184","C5"
"3185","B4"
"3186","A4"
"3187","G4"
"3188","G4"
"3189","G5"
"3190","G4"
"3191","B4"
"3192","G4"
"3193","A4"
"3194","B4"
"3195","C5"
"3196","D5"
"3197","B4"
"3198","G4"
"3199","C5"
"3200","B4"
"3201","A4"
"3202","G4"
"3203","G4"
"3204","B4"
"3205","G4"
"3206","A4"
"3207","B4"
"3208","C5"
"3209","D5"
"3210","B4"
"3211","G4"
"3212","A4"
"3213","F#4"
"3214","G4"
"3215","D4"
"3216","D4"
"3217","G4"
"3218","G4"
"3219","G4"
"3220","G4"
"3221","D4"
"3222","G4"
"3223","A4"
"3224","B4"
"3225","A4"
"3226","B4"
"3227","A4"
"3228","G4"
"3229","B4"
"3230","B4"
"3231","D5"
"3232","C5"
"3233","B4"
"3234","B4"
"3235","A4"
"3236","A4"
"3237","G4"
"3238","D5"
"3239","C#5"
"3240","D5"
"3241","D4"
"3242","D4"
"3243","G4"
"3244","G4"
"3245","G4"
"3246","G4"
"3247","D4"
"3248","G4"
"3249","A4"
"3250","B4"
"3251","A4"
"3252","B4"
"3253","A4"
"3254","G4"
"3255","B4"
"3256","B4"
"3257","D5"
"3258","C5"
"3259","B4"
"3260","B4"
"3261","G4"
"3262","A4"
"3263","F#4"
"3264","G4"
"3265","G4"
"3266","C#5"
"3267","C#5"
"3268","D5"
"3269","E5"
"3270","D5"
"3271","D5"
"3272","G5"
"3273","D5"
"3274","D5"
"3275","C5"
"3276","D5"
"3277","C5"
"3278","B4"
"3279","C5"
"3280","B4"
"3281","A4"
"3282","G4"
"3283","B4"
"3284","D5"
"3285","C5"
"3286","B4"
"3287","B4"
"3288","A4"
"3289","A4"
"3290","G4"
"3291","D5"
"3292","D5"
"3293","C#5"
"3294","C#5"
"3295","E5"
"3296","D5"
"3297","D5"
"3298","D5"
"3299","G5"
"3300","D5"
"3301","D5"
"3302","C5"
"3303","D5"
"3304","C5"
"3305","B4"
"3306","B4"
"3307","A4"
"3308","G4"
"3309","B4"
"3310","D5"
"3311","C5"
"3312","C5"
"3313","C5"
"3314","B4"
"3315","G4"
"3316","B4"
"3317","A4"
"3318","F#4"
"3319","G4"
"3320","G4"
"3321","B4"
"3322","A4"
"3323","G4"
"3324","B4"
"3325","C5"
"3326","B4"
"3327","A4"
"3328","C5"
"3329","B4"
"3330","A4"
"3331","A4"
"3332","G4"
"3333","B4"
"3334","C5"
"3335","B4"
"3336","A4"
"3337","C5"
"3338","B4"
"3339","A4"
"3340","D5"
"3341","C#5"
"3342","D5"
"3343","A4"
"3344","B4"
"3345","A4"
"3346","G4"
"3347","B4"
"3348","A4"
"3349","G4"
"3350","G4"
"3351","F#4"
"3352","G4"
"3353","A4"
"3354","Bb4"
"3355","A4"
"3356","G4"
"3357","G4"
"3358","D5"
"3359","D5"
"3360","D4"
"3361","G4"
"3362","A4"
"3363","A4"
"3364","C5"
"3365","B4"
"3366","B4"
"3367","D5"
"3368","B4"
"3369","B4"
"3370","A4"
"3371","G4"
"3372","D5"
"3373","D5"
"3374","D4"
"3375","G4"
"3376","A4"
"3377","A4"
"3378","C5"
"3379","B4"
"3380","B4"
"3381","D5"
"3382","B4"
"3383","B4"
"3384","A4"
"3385","B4"
"3386","B4"
"3387","G4"
"3388","G4"
"3389","B4"
"3390","B4"
"3391","D5"
"3392","C5"
"3393","C5"
"3394","B4"
"3395","D5"
"3396","C5"
"3397","C5"
"3398","B4"
"3399","A4"
"3400","B4"
"3401","C5"
"3402","C5"
"3403","B4"
"3404","A4"
"3405","A4"
"3406","A4"
"3407","C5"
"3408","B4"
"3409","B4"
"3410","A4"
"3411","C5"
"3412","B4"
"3413","B4"
"3414","B4"
"3415","A4"
"3416","G4"
"3417","A4"
"3418","B4"
"3419","A4"
"3420","G4"
"3421","B4"
"3422","C5"
"3423","D5"
"3424","B4"
"3425","D5"
"3426","D5"
"3427","B4"
"3428","D5"
"3429","D5"
"3430","G5"
"3431","F#5"
"3432","E5"
"3433","D5"
"3434","D5"
"3435","D5"
"3436","E5"
"3437","F5"
"3438","E5"
"3439","D5"
"3440","C5"
"3441","B4"
"3442","B4"
"3443","C5"
"3444","D5"
"3445","C5"
"3446","B4"
"3447","C5"
"3448","B4"
"3449","A4"
"3450","G4"
"3451","D5"
"3452","E5"
"3453","F5"
"3454","E5"
"3455","D5"
"3456","E5"
"3457","B4"
"3458","C5"
"3459","D5"
"3460","E5"
"3461","F#5"
"3462","G5"
"3463","D5"
"3464","E5"
"3465","F5"
"3466","E5"
"3467","D5"
"3468","C5"
"3469","B4"
"3470","B4"
"3471","C5"
"3472","D5"
"3473","C5"
"3474","B4"
"3475","B4"
"3476","A4"
"3477","G4"
"3478","A4"
"3479","B4"
"3480","C5"
"3481","D5"
"3482","B4"
"3483","G4"
"3484","A4"
"3485","F#4"
"3486","G4"
"3487","G4"
"3488","D4"
"3489","G4"
"3490","G4"
"3491","G4"
"3492","F#4"
"3493","E4"
"3494","F#4"
"3495","G4"
"3496","G4"
"3497","G4"
"3498","B4"
"3499","B4"
"3500","B4"
"3501","A4"
"3502","G4"
"3503","A4"
"3504","B4"
"3505","B4"
"3506","G4"
"3507","C5"
"3508","C5"
"3509","D5"
"3510","D5"
"3511","B4"
"3512","C5"
"3513","C5"
"3514","A4"
"3515","B4"
"3516","C5"
"3517","B4"
"3518","G4"
"3519","D5"
"3520","B4"
"3521","C5"
"3522","A4"
"3523","B4"
"3524","G4"
"3525","A4"
"3526","F#4"
"3527","G4"
"3528","G4"
"3529","G5"
"3530","D5"
"3531","C5"
"3532","B4"
"3533","C5"
"3534","B4"
"3535","A4"
"3536","G4"
"3537","G4"
"3538","G4"
"3539","B4"
"3540","C5"
"3541","D5"
"3542","Eb5"
"3543","D5"
"3544","C5"
"3545","D5"
"3546","G5"
"3547","G5"
"3548","D5"
"3549","B4"
"3550","C5"
"3551","B4"
"3552","C5"
"3553","B4"
"3554","A4"
"3555","G4"
"3556","D5"
"3557","B4"
"3558","C5"
"3559","A4"
"3560","B4"
"3561","G4"
"3562","A4"
"3563","F#4"
"3564","G4"
"3565","G4"
"3566","D5"
"3567","D5"
"3568","E5"
"3569","D5"
"3570","C5"
"3571","B4"
"3572","C5"
"3573","B4"
"3574","A4"
"3575","B4"
"3576","A4"
"3577","G4"
"3578","A4"
"3579","B4"
"3580","C5"
"3581","D5"
"3582","D5"
"3583","E5"
"3584","D5"
"3585","C5"
"3586","B4"
"3587","C5"
"3588","B4"
"3589","A4"
"3590","B4"
"3591","A4"
"3592","G4"
"3593","B4"
"3594","D5"
"3595","G4"
"3596","B4"
"3597","D5"
"3598","G4"
"3599","E5"
"3600","E5"
"3601","E5"
"3602","E5"
"3603","E5"
"3604","D5"
"3605","G5"
"3606","B4"
"3607","D5"
"3608","C5"
"3609","B4"
"3610","A4"
"3611","B4"
"3612","C5"
"3613","B4"
"3614","A4"
"3615","B4"
"3616","A4"
"3617","G4"
"3618","G4"
"3619","B4"
"3620","B4"
"3621","B4"
"3622","D5"
"3623","C5"
"3624","C5"
"3625","B4"
"3626","B4"
"3627","A4"
"3628","A4"
"3629","G4"
"3630","A4"
"3631","B4"
"3632","C5"
"3633","A4"
"3634","B4"
"3635","G4"
"3636","B4"
"3637","B4"
"3638","B4"
"3639","D5"
"3640","C5"
"3641","C5"
"3642","B4"
"3643","B4"
"3644","A4"
"3645","A4"
"3646","G4"
"3647","A4"
"3648","B4"
"3649","C5"
"3650","A4"
"3651","G4"
"3652","D5"
"3653","C5"
"3654","B4"
"3655","A4"
"3656","B4"
"3657","D4"
"3658","D4"
"3659","G4"
"3660","D5"
"3661","C5"
"3662","B4"
"3663","A4"
"3664","B4"
"3665","D4"
"3666","D4"
"3667","G4"
"3668","G4"
"3669","F#4"
"3670","E4"
"3671","A4"
"3672","G4"
"3673","G4"
"3674","F#4"
"3675","E4"
"3676","A4"
"3677","G4"
"3678","G4"
"3679","F#4"
"3680","E4"
"3681","A4"
"3682","G4"
"3683","B4"
"3684","A4"
"3685","C5"
"3686","B4"
"3687","D5"
"3688","C5"
"3689","E5"
"3690","D5"
"3691","B4"
"3692","C5"
"3693","A4"
"3694","G4"
"3695","D4"
"3696","G4"
"3697","A4"
"3698","B4"
"3699","C5"
"3700","B4"
"3701","A4"
"3702","G4"
"3703","B4"
"3704","A4"
"3705","D4"
"3706","E4"
"3707","F#4"
"3708","G4"
"3709","B4"
"3710","A4"
"3711","G4"
"3712","F#4"
"3713","E4"
"3714","D4"
"3715","D4"
"3716","A4"
"3717","A4"
"3718","B4"
"3719","C5"
"3720","B4"
"3721","A4"
"3722","G4"
"3723","B4"
"3724","A4"
"3725","D4"
"3726","E4"
"3727","F#4"
"3728","G4"
"3729","D4"
"3730","G4"
"3731","A4"
"3732","B4"
"3733","C5"
"3734","A4"
"3735","B4"
"3736","D4"
"3737","D4"
"3738","G4"
"3739","D5"
"3740","C5"
"3741","B4"
"3742","A4"
"3743","B4"
"3744","D4"
"3745","D4"
"3746","G4"
"3747","G4"
"3748","F#4"
"3749","E4"
"3750","A4"
"3751","D4"
"3752","G4"
"3753","F#4"
"3754","E4"
"3755","A4"
"3756","D4"
"3757","E4"
"3758","F#4"
"3759","G4"
"3760","A4"
"3761","B4"
"3762","C#5"
"3763","D5"
"3764","G4"
"3765","F#4"
"3766","E4"
"3767","A4"
"3768","D4"
"3769","D4"
"3770","D5"
"3771","C#5"
"3772","D5"
"3773","C#5"
"3774","D5"
"3775","C#5"
"3776","D5"
"3777","C#5"
"3778","D5"
"3779","C#5"
"3780","D5"
"3781","F5"
"3782","E5"
"3783","E5"
"3784","D5"
"3785","D5"
"3786","C5"
"3787","E5"
"3788","D5"
"3789","D5"
"3790","C5"
"3791","C5"
"3792","B4"
"3793","D5"
"3794","C5"
"3795","C5"
"3796","B4"
"3797","B4"
"3798","A4"
"3799","C5"
"3800","B4"
"3801","B4"
"3802","A4"
"3803","A4"
"3804","G4"
"3805","F5"
"3806","E5"
"3807","E5"
"3808","D5"
"3809","D5"
"3810","C5"
"3811","E5"
"3812","D5"
"3813","D5"
"3814","C5"
"3815","C5"
"3816","B4"
"3817","D5"
"3818","C5"
"3819","C5"
"3820","B4"
"3821","B4"
"3822","A4"
"3823","C5"
"3824","B4"
"3825","B4"
"3826","A4"
"3827","A4"
"3828","G4"
"3829","B4"
"3830","C5"
"3831","C5"
"3832","B4"
"3833","B4"
"3834","A4"
"3835","B4"
"3836","A4"
"3837","G4"
"3838","D5"
"3839","B4"
"3840","D5"
"3841","C5"
"3842","B4"
"3843","B4"
"3844","A4"
"3845","B4"
"3846","A4"
"3847","G4"
"3848","G4"
"3849","D4"
"3850","B4"
"3851","B4"
"3852","B4"
"3853","B4"
"3854","B4"
"3855","A4"
"3856","G4"
"3857","C5"
"3858","B4"
"3859","C5"
"3860","B4"
"3861","C5"
"3862","B4"
"3863","A4"
"3864","A4"
"3865","B4"
"3866","C5"
"3867","D5"
"3868","B4"
"3869","G4"
"3870","A4"
"3871","F#4"
"3872","G4"
"3873","B4"
"3874","D5"
"3875","G4"
"3876","G4"
"3877","G4"
"3878","B4"
"3879","D5"
"3880","G4"
"3881","B4"
"3882","D5"
"3883","C5"
"3884","B4"
"3885","C5"
"3886","B4"
"3887","A4"
"3888","A4"
"3889","B4"
"3890","B4"
"3891","G4"
"3892","B4"
"3893","D5"
"3894","G4"
"3895","B4"
"3896","D5"
"3897","C5"
"3898","B4"
"3899","C5"
"3900","B4"
"3901","A4"
"3902","G4"
"3903","B4"
"3904","C5"
"3905","C5"
"3906","C5"
"3907","C5"
"3908","B4"
"3909","C5"
"3910","B4"
"3911","A4"
"3912","A4"
"3913","A4"
"3914","A4"
"3915","B4"
"3916","C5"
"3917","D5"
"3918","B4"
"3919","G4"
"3920","A4"
"3921","F#4"
"3922","G4"
"3923","B4"
"3924","D5"
"3925","G4"
"3926","G4"
"3927","D4"
"3928","B4"
"3929","C5"
"3930","B4"
"3931","A4"
"3932","G4"
"3933","G4"
"3934","A4"
"3935","B4"
"3936","D5"
"3937","C5"
"3938","B4"
"3939","A4"
"3940","G4"
"3941","B4"
"3942","D5"
"3943","B4"
"3944","B4"
"3945","D5"
"3946","B4"
"3947","B4"
"3948","A4"
"3949","B4"
"3950","A4"
"3951","G4"
"3952","A4"
"3953","B4"
"3954","D4"
"3955","B4"
"3956","C5"
"3957","B4"
"3958","A4"
"3959","G4"
"3960","G4"
"3961","A4"
"3962","B4"
"3963","D5"
"3964","C5"
"3965","B4"
"3966","A4"
"3967","G4"
"3968","B4"
"3969","D5"
"3970","B4"
"3971","B4"
"3972","A4"
"3973","B4"
"3974","A4"
"3975","G4"
"3976","G4"
"3977","G3"
"3978","B4"
"3979","B4"
"3980","B4"
"3981","B4"
"3982","A4"
"3983","D5"
"3984","B4"
"3985","B4"
"3986","A4"
"3987","B4"
"3988","A4"
"3989","G4"
"3990","G4"
"3991","B4"
"3992","D4"
"3993","D4"
"3994","F#4"
"3995","F#4"
"3996","A4"
"3997","A4"
"3998","C5"
"3999","C5"
"4000","E5"
"4001","E5"
"4002","D5"
"4003","D5"
"4004","C#5"
"4005","D5"
"4006","F5"
"4007","E5"
"4008","D5"
"4009","C5"
"4010","B4"
"4011","A4"
"4012","E5"
"4013","D5"
"4014","C5"
"4015","B4"
"4016","A4"
"4017","G4"
"4018","F#4"
"4019","E4"
"4020","E4"
"4021","A4"
"4022","G4"
"4023","F#4"
"4024","G4"
"4025","G3"
"4026","D5"
"4027","E5"
"4028","F#5"
"4029","G5"
"4030","D5"
"4031","D5"
"4032","E5"
"4033","D5"
"4034","C5"
"4035","B4"
"4036","C5"
"4037","D5"
"4038","E5"
"4039","D5"
"4040","G5"
"4041","F#5"
"4042","E5"
"4043","D5"
"4044","C5"
"4045","B4"
"4046","E5"
"4047","D5"
"4048","F5"
"4049","E5"
"4050","D5"
"4051","C5"
"4052","B4"
"4053","A4"
"4054","E5"
"4055","D5"
"4056","C5"
"4057","B4"
"4058","A4"
"4059","G4"
"4060","F#4"
"4061","E4"
"4062","E4"
"4063","A4"
"4064","G4"
"4065","F#4"
"4066","G4"
"4067","D4"
"4068","B4"
"4069","C5"
"4070","D5"
"4071","E5"
"4072","D5"
"4073","C5"
"4074","B4"
"4075","C5"
"4076","A4"
"4077","A4"
"4078","D5"
"4079","C#5"
"4080","D5"
"4081","C5"
"4082","B4"
"4083","B4"
"4084","C5"
"4085","C5"
"4086","D5"
"4087","E5"
"4088","D5"
"4089","C5"
"4090","B4"
"4091","C5"
"4092","A4"
"4093","A4"
"4094","G4"
"4095","B4"
"4096","C5"
"4097","D5"
"4098","E5"
"4099","D5"
"4100","C#5"
"4101","D5"
"4102","E5"
"4103","D5"
"4104","C#5"
"4105","D5"
"4106","B4"
"4107","C5"
"4108","A4"
"4109","A4"
"4110","D5"
"4111","D5"
"4112","C5"
"4113","B4"
"4114","C5"
"4115","D5"
"4116","E5"
"4117","D5"
"4118","C#5"
"4119","D5"
"4120","E5"
"4121","D5"
"4122","C#5"
"4123","D5"
"4124","B4"
"4125","C5"
"4126","A4"
"4127","A4"
"4128","G4"
"4129","G4"
"4130","B4"
"4131","G4"
"4132","B4"
"4133","G4"
"4134","B4"
"4135","G4"
"4136","B4"
"4137","G4"
"4138","B4"
"4139","G4"
"4140","B4"
"4141","G4"
"4142","D5"
"4143","C5"
"4144","B4"
"4145","A4"
"4146","B4"
"4147","G4"
"4148","D5"
"4149","C5"
"4150","B4"
"4151","A4"
"4152","B4"
"4153","G4"
"4154","D5"
"4155","C5"
"4156","B4"
"4157","A4"
"4158","B4"
"4159","C5"
"4160","D5"
"4161","E5"
"4162","D5"
"4163","C5"
"4164","B4"
"4165","A4"
"4166","B4"
"4167","G4"
"4168","D4"
"4169","G4"
"4170","B4"
"4171","D5"
"4172","D5"
"4173","C5"
"4174","B4"
"4175","A4"
"4176","B4"
"4177","D4"
"4178","G4"
"4179","B4"
"4180","D5"
"4181","C5"
"4182","A4"
"4183","G4"
"4184","D5"
"4185","E5"
"4186","F#5"
"4187","G5"
"4188","D5"
"4189","B4"
"4190","D5"
"4191","C5"
"4192","E5"
"4193","D5"
"4194","C5"
"4195","B4"
"4196","G4"
"4197","B4"
"4198","G4"
"4199","C5"
"4200","E5"
"4201","D5"
"4202","C5"
"4203","B4"
"4204","G4"
"4205","B4"
"4206","G4"
"4207","C5"
"4208","G4"
"4209","C5"
"4210","G4"
"4211","B4"
"4212","G4"
"4213","B4"
"4214","G4"
"4215","A4"
"4216","D5"
"4217","E5"
"4218","F#5"
"4219","G5"
"4220","D5"
"4221","B4"
"4222","D5"
"4223","C5"
"4224","E5"
"4225","D5"
"4226","C5"
"4227","B4"
"4228","G4"
"4229","B4"
"4230","G4"
"4231","C5"
"4232","E5"
"4233","D5"
"4234","C5"
"4235","D5"
"4236","E5"
"4237","F#5"
"4238","G5"
"4239","A5"
"4240","F#5"
"4241","D5"
"4242","F#5"
"4243","G5"
"4244","B5"
"4245","G5"
"4246","A5"
"4247","F#5"
"4248","D5"
"4249","F#5"
"4250","A5"
"4251","C6"
"4252","B5"
"4253","A5"
"4254","B5"
"4255","G5"
"4256","D5"
"4257","G5"
"4258","B5"
"4259","D6"
"4260","C6"
"4261","B5"
"4262","A5"
"4263","F#5"
"4264","D5"
"4265","F#5"
"4266","A5"
"4267","C6"
"4268","B5"
"4269","A5"
"4270","A5"
"4271","F#5"
"4272","G5"
"4273","E5"
"4274","D5"
"4275","E5"
"4276","C5"
"4277","G4"
"4278","C5"
"4279","E5"
"4280","G5"
"4281","F#5"
"4282","E5"
"4283","D5"
"4284","B4"
"4285","G4"
"4286","B4"
"4287","D5"
"4288","G5"
"4289","F#5"
"4290","E5"
"4291","D5"
"4292","G5"
"4293","F#5"
"4294","E5"
"4295","D5"
"4296","C5"
"4297","B4"
"4298","A4"
"4299","G4"
"4300","B4"
"4301","G4"
"4302","A4"
"4303","D5"
"4304","G5"
"4305","D5"
"4306","B4"
"4307","D5"
"4308","A4"
"4309","C5"
"4310","B4"
"4311","D5"
"4312","G5"
"4313","D5"
"4314","B4"
"4315","D5"
"4316","A4"
"4317","C5"
"4318","B4"
"4319","D5"
"4320","G5"
"4321","F#5"
"4322","E5"
"4323","A5"
"4324","G5"
"4325","F#5"
"4326","D5"
"4327","E5"
"4328","F#5"
"4329","A5"
"4330","G5"
"4331","F#5"
"4332","D5"
"4333","E5"
"4334","F#5"
"4335","G5"
"4336","B4"
"4337","E5"
"4338","D5"
"4339","C#5"
"4340","D5"
"4341","G5"
"4342","D5"
"4343","B4"
"4344","D5"
"4345","C5"
"4346","A4"
"4347","G4"
"4348","G3"
"4349","B4"
"4350","B4"
"4351","A4"
"4352","G#4"
"4353","A4"
"4354","B4"
"4355","C5"
"4356","B4"
"4357","C5"
"4358","D5"
"4359","F#5"
"4360","E5"
"4361","C5"
"4362","A4"
"4363","E5"
"4364","D5"
"4365","B4"
"4366","G4"
"4367","C#5"
"4368","D5"
"4369","G5"
"4370","D5"
"4371","B4"
"4372","D5"
"4373","C5"
"4374","B4"
"4375","G4"
"4376","G3"
"4377","B4"
"4378","A4"
"4379","G#4"
"4380","A4"
"4381","B4"
"4382","C5"
"4383","B4"
"4384","C5"
"4385","D5"
"4386","F#5"
"4387","E5"
"4388","C5"
"4389","A4"
"4390","G4"
"4391","F#5"
"4392","E5"
"4393","C5"
"4394","A4"
"4395","G4"
"4396","F#4"
"4397","A4"
"4398","D4"
"4399","F#4"
"4400","A4"
"4401","B4"
"4402","C5"
"4403","A4"
"4404","G4"
"4405","A4"
"4406","B4"
"4407","C5"
"4408","D5"
"4409","E5"
"4410","F#5"
"4411","G5"
"4412","A#5"
"4413","B5"
"4414","F#5"
"4415","G5"
"4416","D#5"
"4417","E5"
"4418","A4"
"4419","C5"
"4420","F#5"
"4421","E5"
"4422","C5"
"4423","A4"
"4424","F#5"
"4425","D5"
"4426","B4"
"4427","G4"
"4428","F#4"
"4429","A4"
"4430","D4"
"4431","F#4"
"4432","A4"
"4433","B4"
"4434","C5"
"4435","A4"
"4436","G4"
"4437","A4"
"4438","B4"
"4439","C5"
"4440","D5"
"4441","E5"
"4442","F#5"
"4443","G5"
"4444","A#5"
"4445","B5"
"4446","F#5"
"4447","G5"
"4448","D#5"
"4449","E5"
"4450","A4"
"4451","C5"
"4452","F#5"
"4453","E5"
"4454","C5"
"4455","A4"
"4456","G4"
"4457","D5"
"4458","C#5"
"4459","D5"
"4460","C#5"
"4461","D5"
"4462","C#5"
"4463","D5"
"4464","C#5"
"4465","D5"
"4466","B4"
"4467","A4"
"4468","G4"
"4469","F#4"
"4470","G4"
"4471","A4"
"4472","B4"
"4473","C5"
"4474","D5"
"4475","E5"
"4476","F#5"
"4477","G5"
"4478","F#5"
"4479","G5"
"4480","E5"
"4481","D5"
"4482","C5"
"4483","D5"
"4484","C#5"
"4485","D5"
"4486","C#5"
"4487","D5"
"4488","C#5"
"4489","D5"
"4490","C#5"
"4491","D5"
"4492","B4"
"4493","A4"
"4494","G4"
"4495","F#4"
"4496","G4"
"4497","A4"
"4498","B4"
"4499","C5"
"4500","A4"
"4501","F#4"
"4502","A4"
"4503","G4"
"4504","B4"
"4505","G4"
"4506","A5"
"4507","G5"
"4508","F#5"
"4509","E5"
"4510","F#5"
"4511","E5"
"4512","D5"
"4513","C5"
"4514","B4"
"4515","D5"
"4516","G4"
"4517","B4"
"4518","A4"
"4519","C5"
"4520","A4"
"4521","A4"
"4522","G4"
"4523","A4"
"4524","B4"
"4525","C5"
"4526","D5"
"4527","E5"
"4528","F#5"
"4529","G5"
"4530","A5"
"4531","G5"
"4532","F#5"
"4533","E5"
"4534","E5"
"4535","D5"
"4536","C5"
"4537","B4"
"4538","C5"
"4539","D5"
"4540","G5"
"4541","G5"
"4542","F#5"
"4543","A5"
"4544","G5"
"4545","E5"
"4546","B4"
"4547","C5"
"4548","A4"
"4549","G4"
"4550","G5"
"4551","G4"
"4552","D4"
"4553","G4"
"4554","D4"
"4555","G4"
"4556","D4"
"4557","G4"
"4558","D4"
"4559","G4"
"4560","D4"
"4561","G4"
"4562","D4"
"4563","G4"
"4564","D4"
"4565","E4"
"4566","D4"
"4567","E4"
"4568","D4"
"4569","E4"
"4570","F#4"
"4571","G4"
"4572","G4"
"4573","F#4"
"4574","G4"
"4575","A4"
"4576","B4"
"4577","G4"
"4578","E4"
"4579","D4"
"4580","E4"
"4581","D4"
"4582","E4"
"4583","F#4"
"4584","G4"
"4585","G4"
"4586","F#4"
"4587","G4"
"4588","D4"
"4589","A4"
"4590","B4"
"4591","C5"
"4592","D5"
"4593","B4"
"4594","B4"
"4595","A4"
"4596","A4"
"4597","G4"
"4598","B4"
"4599","A4"
"4600","B4"
"4601","C5"
"4602","D5"
"4603","B4"
"4604","B4"
"4605","A4"
"4606","A4"
"4607","G4"
"4608","G4"
"4609","D4"
"4610","F5"
"4611","E5"
"4612","D5"
"4613","C5"
"4614","B4"
"4615","B4"
"4616","A4"
"4617","A4"
"4618","G4"
"4619","B4"
"4620","F5"
"4621","E5"
"4622","D5"
"4623","C5"
"4624","B4"
"4625","B4"
"4626","A4"
"4627","A4"
"4628","G4"
"4629","G4"
"4630","D4"
"4631","D4"
"4632","G4"
"4633","B4"
"4634","D4"
"4635","G4"
"4636","B4"
"4637","D4"
"4638","G4"
"4639","B4"
"4640","B4"
"4641","A4"
"4642","A4"
"4643","G4"
"4644","D4"
"4645","G4"
"4646","B4"
"4647","D4"
"4648","G4"
"4649","B4"
"4650","B4"
"4651","A4"
"4652","A4"
"4653","G4"
"4654","D5"
"4655","D4"
"4656","G4"
"4657","B4"
"4658","D4"
"4659","G4"
"4660","B4"
"4661","D4"
"4662","G4"
"4663","B4"
"4664","B4"
"4665","A4"
"4666","A4"
"4667","G4"
"4668","D4"
"4669","G4"
"4670","B4"
"4671","D4"
"4672","G4"
"4673","B4"
"4674","B4"
"4675","A4"
"4676","A4"
"4677","G4"
"4678","G4"
"4679","G3"
"4680","G3"
"4681","G3"
"4682","G3"
"4683","G3"
"4684","G3"
"4685","G3"
"4686","G3"
"4687","G3"
"4688","G3"
"4689","B4"
"4690","B4"
"4691","B4"
"4692","B4"
"4693","A4"
"4694","G4"
"4695","C5"
"4696","C5"
"4697","D5"
"4698","B4"
"4699","A4"
"4700","G4"
"4701","A4"
"4702","G4"
"4703","A4"
"4704","B4"
"4705","G4"
"4706","B4"
"4707","B4"
"4708","B4"
"4709","B4"
"4710","A4"
"4711","G4"
"4712","C5"
"4713","C5"
"4714","D5"
"4715","G4"
"4716","B4"
"4717","A4"
"4718","C5"
"4719","B4"
"4720","A4"
"4721","D5"
"4722","G4"
"4723","D4"
"4724","B3"
"4725","D4"
"4726","G4"
"4727","D4"
"4728","G4"
"4729","A4"
"4730","B4"
"4731","D5"
"4732","C5"
"4733","B4"
"4734","A4"
"4735","G4"
"4736","A4"
"4737","G4"
"4738","C#5"
"4739","D5"
"4740","C#5"
"4741","D5"
"4742","C5"
"4743","B4"
"4744","A4"
"4745","B4"
"4746","A4"
"4747","G4"
"4748","G4"
"4749","A4"
"4750","B4"
"4751","D5"
"4752","C5"
"4753","B4"
"4754","A4"
"4755","B4"
"4756","A4"
"4757","G4"
"4758","A4"
"4759","A4"
"4760","G4"
"4761","F#4"
"4762","E4"
"4763","F#4"
"4764","G4"
"4765","G4"
"4766","G5"
"4767","F#5"
"4768","G5"
"4769","F#5"
"4770","G5"
"4771","F#5"
"4772","E5"
"4773","D5"
"4774","B4"
"4775","D5"
"4776","C5"
"4777","A4"
"4778","D5"
"4779","C5"
"4780","B4"
"4781","A4"
"4782","B4"
"4783","G4"
"4784","G5"
"4785","F#5"
"4786","G5"
"4787","F#5"
"4788","G5"
"4789","F#5"
"4790","E5"
"4791","D5"
"4792","B4"
"4793","C5"
"4794","A4"
"4795","D5"
"4796","C5"
"4797","B4"
"4798","A4"
"4799","G4"
